name,fields,field type,required,enum value,sample value
ActivityLog,userId,ObjectId,false,,68b964b75256c8e39d0ed80a
ActivityLog,userName,String,true,,Nasir
ActivityLog,userRole,String,true,,admin
ActivityLog,userEmail,String,false,,nasir@flyde.in
ActivityLog,action,String,true,"CREATE, READ, LIST, UPDATE, DELETE, LOGIN, LOGOUT, EXPORT, IMPORT, SEND_EMAIL, SEND_SMS, OTP_SENT, OTP_VERIFIED, PAYMENT_CREATED, PAYMENT_PROCESSED, CONTRACT_SIGNED, INVOICE_GENERATED, BOOKING_CREATED, BOOKING_CANCELLED, CHECK_IN, CHECK_OUT, BULK_OPERATION, CONTRACT_SENT_FOR_SIGNATURE, ERROR, CUSTOM",UPDATE
ActivityLog,entity,String,true,,User
ActivityLog,entityId,ObjectId,false,,68d2400d4696bc5ed8c52f20
ActivityLog,description,String,true,,Nasir updated user (ID: 68d2400d4696bc5ed8c52f20)
ActivityLog,ipAddress,String,false,,::1
ActivityLog,userAgent,String,false,,"Mozilla/5.0 (Windows NT 10.0; Win64; x64) AppleWebKit/537.36 (KHTML, like Gecko) Chrome/140.0.0.0 Safari/537.36"
ActivityLog,requestMethod,String,false,"GET, POST, PUT, PATCH, DELETE",PUT
ActivityLog,endpoint,String,false,,/68d2400d4696bc5ed8c52f20
ActivityLog,changes.before,Mixed,false,,"{""_id"": ""68d2400d4696bc5ed8c52f20"", ""role"": ""68bfd0936ecb1276d721bf74"", ""name"": ""test staff""}"
ActivityLog,changes.after,Mixed,false,,"{""_id"": ""68d2400d4696bc5ed8c52f20"", ""role"": {""_id"": ""68bfd0936ecb1276d721bf74"", ""roleName"": ""community""}}"
ActivityLog,changes.fields,Array,false,,"[""name"", ""email"", ""phone"", ""role"", ""buildingId"", ""password""]"
ActivityLog,changes.fields.field,String,true,,name
ActivityLog,changes.fields.oldValue,Mixed,false,,
ActivityLog,changes.fields.newValue,Mixed,false,,
ActivityLog,changes.summary,String,false,,
ActivityLog,metadata,Mixed,false,,"{""userName"": ""test staff"", ""updatedFields"": [""name"", ""email"", ""phone"", ""role"", ""buildingId"", ""password""]}"
ActivityLog,status,String,false,"SUCCESS, FAILED, PARTIAL",SUCCESS
ActivityLog,errorMessage,String,false,,
ActivityLog,sessionId,String,false,,
ActivityLog,relatedEntities,Array,false,,[]
ActivityLog,relatedEntities.entityType,String,false,,
ActivityLog,relatedEntities.entityId,ObjectId,false,,
ActivityLog,relatedEntities.description,String,false,,
ActivityLog,executionTime,Number,false,,
ActivityLog,isSystemGenerated,Boolean,false,,false
ActivityLog,retentionDate,Date,false,,
ActivityLog,createdAt,Date,true (auto),,2025-09-25T07:09:12.372Z
ActivityLog,updatedAt,Date,true (auto),,2025-09-25T07:09:12.372Z
ApiCallLog,requestId,String,true,,4ddfb31b6bdfb5d23878a8f89bedcf1c
ApiCallLog,service,String,true,"zoho_books, zoho_sign, razorpay, sms_waale, other",zoho_sign
ApiCallLog,operation,String,true,,create_document
ApiCallLog,direction,String,true,"outgoing, incoming",outgoing
ApiCallLog,method,String,true,"GET, POST, PUT, DELETE, PATCH",POST
ApiCallLog,url,String,true,,https://sign.zoho.in/api/v1/requests
ApiCallLog,headers,Mixed,false,,"{""content-type"": ""multipart/form-data; boundary=--------------------------925e09160a47caa9abca2c42"", ""Authorization"": ""Zoho-oau***""}"
ApiCallLog,requestBody,Mixed,false,,"{""_overheadLength"": 312, ""_valueLength"": 5142, ""writable"": false}"
ApiCallLog,statusCode,Number,false,,
ApiCallLog,responseHeaders,Mixed,false,,
ApiCallLog,responseBody,Mixed,false,,
ApiCallLog,startTime,Date,true,,
ApiCallLog,endTime,Date,false,,
ApiCallLog,duration,Number,false,,
ApiCallLog,success,Boolean,true,,
ApiCallLog,errorMessage,String,false,,
ApiCallLog,errorCode,String,false,,
ApiCallLog,userId,ObjectId,false,,
ApiCallLog,clientId,ObjectId,false,,
ApiCallLog,relatedEntity,String,false,"invoice, contract, payment, client, daypass, bundle, other",
ApiCallLog,relatedEntityId,ObjectId,false,,
ApiCallLog,attemptNumber,Number,false,,
ApiCallLog,maxAttempts,Number,false,,
ApiCallLog,retryReason,String,false,,
ApiCallLog,parentRequestId,String,false,,
ApiCallLog,webhookSignature,String,false,,
ApiCallLog,webhookVerified,Boolean,false,,
ApiCallLog,webhookEvent,String,false,,
ApiCallLog,userAgent,String,false,,
ApiCallLog,ipAddress,String,false,,
ApiCallLog,environment,String,false,"development, staging, production",
ApiCallLog,dataMasked,Boolean,false,,
ApiCallLog,rawRequest,String,false,,
ApiCallLog,rawResponse,String,false,,
ApiCallLog,createdAt,Date,true (auto),,
ApiCallLog,updatedAt,Date,true (auto),,
BuildingAmenity,name,String,true,,Meeting Rooms
BuildingAmenity,icon,String,false,,meeting_room
BuildingAmenity,iconUrl,String,false,,https://cdn-icons-png.flaticon.com/512/3247/3247569.png
BuildingAmenity,description,String,false,,Private meeting spaces equipped with screens and conference tools.
BuildingAmenity,isActive,Boolean,false,,true
BuildingAmenity,createdAt,Date,true (auto),,
BuildingAmenity,updatedAt,Date,true (auto),,
Building,name,String,true,,test
Building,address,String,true,,sec 48
Building,city,String,true,,GURUGRAM
Building,state,String,false,,HARYANA
Building,country,String,false,,India
Building,pincode,String,false,,122001
Building,location.type,String,false,,Point
Building,location.coordinates,Array,false,,
Building,coordinates.longitude,Number,false,,
Building,coordinates.latitude,Number,false,,
Building,businessMapLink,String,false,,
Building,totalFloors,Number,false,,10
Building,amenities,Array,false,,"[""Generator"", ""Parking"", ""Security"", ""WiFi"", ""Conference Room"", ""Elevator""]"
Building,perSeatPricing,Number,false,,2000
Building,openSpacePricing,Number,false,,120
Building,creditValue,Number,false,,500
Building,photos,Array,false,,
Building,photos.category,String,true,,gallery
Building,photos.imageUrl,String,true,,https://ik.imagekit.io/flyde/buildings/Favicon__ifLgQXi72.png
Building,photos.uploadedAt,Date,false,,2025-11-07T07:37:12.861Z
Building,status,String,false,"draft, active, inactive",draft
Building,createdAt,Date,true (auto),,2025-11-07T07:19:37.176Z
Building,updatedAt,Date,true (auto),,2025-11-07T07:37:12.868Z
CabinAmenity,name,String,true,,Air Conditioning
CabinAmenity,icon,String,false,,ac_unit
CabinAmenity,iconUrl,String,false,,
CabinAmenity,description,String,false,,Individually controlled air conditioning for a comfortable cabin environment.
CabinAmenity,isActive,Boolean,false,,true
CabinAmenity,createdAt,Date,true (auto),,
CabinAmenity,updatedAt,Date,true (auto),,
Cabin,building,ObjectId,true,,690d8f214b4d7bf372176cf4
Cabin,floor,Number,false,,1
Cabin,number,String,true,,1222
Cabin,type,String,false,"cabin, private, shared",cabin
Cabin,capacity,Number,false,,1
Cabin,category,String,false,,balcony
Cabin,sizeSqFt,Number,false,,12
Cabin,amenities,Array,false,,"[""690dc2413ad233fff25a555d"", ""690dc2413ad233fff25a555b"", ""690dc2413ad233fff25a555a"", ""690dc2413ad233fff25a555c""]"
Cabin,images,Array,false,,
Cabin,images.url,String,false,,data:image/png;base64...
Cabin,images.caption,String,false,,balcony
Cabin,images.isPrimary,Boolean,false,,false
Cabin,pricing,Number,false,,200
Cabin,status,String,false,"available, occupied, maintenance",available
Cabin,desks,Array,false,,"[""690dbb30c33fd4a594b7ea43""]"
Cabin,allocatedTo,ObjectId,false,,null
Cabin,contract,ObjectId,false,,null
Cabin,allocatedAt,Date,false,,
Cabin,releasedAt,Date,false,,
Cabin,createdAt,Date,true (auto),,2025-11-07T09:26:08.128Z
Cabin,updatedAt,Date,true (auto),,2025-11-07T09:58:59.217Z
ClientCreditWallet,client,ObjectId,true,,6901c3c6fce33247be57c7ff
ClientCreditWallet,balance,Number,true,,20
ClientCreditWallet,creditValue,Number,true,,500
ClientCreditWallet,currency,String,false,"INR, USD",INR
ClientCreditWallet,expiresAt,Date,false,,null
ClientCreditWallet,status,String,false,"active, inactive",active
ClientCreditWallet,createdAt,Date,true (auto),,2025-10-29T07:40:27.028Z
ClientCreditWallet,updatedAt,Date,true (auto),,2025-10-29T07:43:34.707Z
Client,companyName,String,false,,Acme
Client,legalName,String,false,,
Client,contactPerson,String,false,,nasir
Client,primarySalutation,String,false,,Mr
Client,primaryFirstName,String,false,,nxsir
Client,primaryLastName,String,false,,doe
Client,email,String,false,,nxxxsir@gmail.com
Client,phone,String,false,,9991112223
Client,website,String,false,,
Client,companyAddress,String,false,,ggn
Client,industry,String,false,,
Client,contactType,String,false,"customer, vendor, both",customer
Client,customerSubType,String,false,"business, individual",business
Client,creditLimit,Number,false,,20
Client,contactNumber,String,false,,
Client,isPortalEnabled,Boolean,false,,false
Client,paymentTerms,Number,false,,0
Client,paymentTermsLabel,String,false,,
Client,notes,String,false,,
Client,billingAddress.attention,String,false,,rr doe
Client,billingAddress.address,String,false,,14 miek
Client,billingAddress.street2,String,false,,nagpur
Client,billingAddress.state_code,String,false,,
Client,billingAddress.city,String,false,,nagpur
Client,billingAddress.state,String,false,,maharashtra
Client,billingAddress.zip,String,false,,442201
Client,billingAddress.country,String,false,,India
Client,billingAddress.fax,String,false,,
Client,billingAddress.phone,String,false,,979696959
Client,shippingAddress.attention,String,false,,
Client,shippingAddress.address,String,false,,
Client,shippingAddress.street2,String,false,,
Client,shippingAddress.state_code,String,false,,
Client,shippingAddress.city,String,false,,
Client,shippingAddress.state,String,false,,
Client,shippingAddress.zip,String,false,,
Client,shippingAddress.country,String,false,,INDIA
Client,shippingAddress.fax,String,false,,
Client,shippingAddress.phone,String,false,,
Client,contactPersons,Array,false,,[]
Client,contactPersons.salutation,String,false,,
Client,contactPersons.first_name,String,false,,
Client,contactPersons.last_name,String,false,,
Client,contactPersons.email,String,false,,
Client,contactPersons.phone,String,false,,
Client,contactPersons.mobile,String,false,,
Client,contactPersons.designation,String,false,,
Client,contactPersons.department,String,false,,
Client,contactPersons.is_primary_contact,Boolean,false,,
Client,contactPersons.communication_preference.is_sms_enabled,Boolean,false,,
Client,contactPersons.communication_preference.is_whatsapp_enabled,Boolean,false,,
Client,contactPersons.enable_portal,Boolean,false,,
Client,gstNumber,String,false,,
Client,gstNo,String,false,,
Client,gstTreatment,String,false,,
Client,isTaxable,Boolean,false,,true
Client,taxRegNo,String,false,,
Client,zohoBooksContactId,String,false,,2865532000000204002
Client,pricebookId,String,false,,
Client,currencyId,String,false,,
Client,securityDeposit.type,String,false,,Bank Transfer
Client,securityDeposit.amount,Number,false,,2000
Client,securityDeposit.notes,String,false,,
Client,isSecurityPaid,Boolean,false,,true
Client,companyDetailsComplete,Boolean,false,,true
Client,kycStatus,String,false,"none, pending, verified, rejected",verified
Client,kycDocuments,Mixed,false,,"{""files"": {""pan_card"": [{""url"": ""https://ik.imagekit.io/flyde/ofis-square/kyc/Super_admin_screenshots_DIaKOEoD3.pdf""}]}}"
Client,kycRejectionReason,String,false,,
Client,isClientApproved,Boolean,false,,true
Client,ownerUser,ObjectId,false,,68bfd0d8d8bd7a3f359c6a22
Client,building,ObjectId,false,,68ee00532dc0af4fc00ff153
Client,createdAt,Date,true (auto),,2025-10-27T06:22:52.525Z
Client,updatedAt,Date,true (auto),,2025-11-06T07:30:57.467Z
Contract,client,ObjectId,true,,6901c3c6fce33247be57c7ff
Contract,building,ObjectId,true,,68ee00532dc0af4fc00ff153
Contract,startDate,Date,true,,2025-10-30T00:00:00.000Z
Contract,endDate,Date,true,,2026-10-30T00:00:00.000Z
Contract,capacity,Number,true,,4
Contract,monthlyRent,Number,true,,8000
Contract,initialCredits,Number,false,,10
Contract,creditValueAtSignup,Number,false,,null
Contract,credit_enabled,Boolean,false,,true
Contract,allocated_credits,Number,false,,0
Contract,credit_value,Number,false,,500
Contract,credit_terms_days,Number,false,,30
Contract,securityDeposit.type,String,false,,Bank Transfer
Contract,securityDeposit.amount,Number,false,,12000
Contract,securityDeposit.notes,String,false,,
Contract,securityDepositPaidAt,Date,false,,2025-11-06T07:44:55.823Z
Contract,securityDepositPaidBy,ObjectId,false,,68b9608365b75b9444d474c7
Contract,terms,String,false,,
Contract,billingCycle,String,false,"monthly, quarterly, annually",monthly
Contract,paymentTerms,String,false,"net_15, net_30, net_45, net_60",net_30
Contract,latePaymentPenalty.type,String,false,"percentage, fixed",percentage
Contract,latePaymentPenalty.value,Number,false,,2
Contract,latePaymentPenalty.description,String,false,,2% per month on overdue amount
Contract,priceEscalationClause.enabled,Boolean,false,,true
Contract,priceEscalationClause.percentage,Number,false,,5
Contract,priceEscalationClause.frequency,String,false,"annual, biannual",annual
Contract,priceEscalationClause.effectiveFrom,Date,false,,2026-11-15T00:00:00.000Z
Contract,discount.type,String,false,"percentage, fixed",percentage
Contract,discount.value,Number,false,,10
Contract,discount.reason,String,false,,Long-term commitment discount
Contract,discount.validUntil,Date,false,,2026-11-14T00:00:00.000Z
Contract,onboardingFee,Number,false,,5000
Contract,noticePeriodDays,Number,false,,60
Contract,autoRenewal,Boolean,false,,false
Contract,renewalNoticePeriod,Number,false,,30
Contract,operatingHours.weekdays,String,false,,09:00 AM - 07:00 PM
Contract,operatingHours.weekends,String,false,,Closed
Contract,operatingHours.publicHolidays,String,false,,Closed
Contract,seatingArrangement,String,false,"dedicated_desk, hot_desk, private_office, mixed",dedicated_desk
Contract,attachments,Array,false,,[]
Contract,attachments.name,String,false,,Company_PAN_Card.pdf
Contract,attachments.url,String,false,,https://cdn.example.com/docs/company_pan.pdf
Contract,attachments.type,String,false,,pdf
Contract,attachments.category,String,false,"kyc_document, legal_document, annexure, compliance, authorization, facility, other",compliance
Contract,attachments.uploadedBy,ObjectId,false,,672a9fe7c12d4a3f91e47b55
Contract,attachments.uploadedAt,Date,false,,2025-11-10T09:00:00.000Z
Contract,operational.moveInDate,Date,false,,2025-11-20T00:00:00.000Z
Contract,operational.handoverDate,Date,false,,2025-11-18T00:00:00.000Z
Contract,operational.fitoutPeriodDays,Number,false,,3
Contract,operational.accessCardsIssued,Number,false,,25
Contract,operational.parkingPassesIssued,Number,false,,3
Contract,operational.lockerKeysIssued,Number,false,,25
Contract,operational.onboardingCompleted,Boolean,false,,true
Contract,operational.onboardingCompletedAt,Date,false,,2025-11-20T10:00:00.000Z
Contract,status,String,false,"draft, submitted_to_legal, legal_reviewed, pending_admin_approval, admin_approved, admin_rejected, sent_to_client, client_approved, client_feedback_pending, stamp_paper_ready, sent_for_signature, signed, active, cancelled",active
Contract,requiresApproval,Boolean,false,,true
Contract,createdBy,ObjectId,false,,6901c2b266f91af0c876c6a4
Contract,submittedToLegalBy,ObjectId,false,,
Contract,submittedToLegalAt,Date,false,,
Contract,submittedToAdminBy,ObjectId,false,,
Contract,submittedToAdminAt,Date,false,,
Contract,adminApprovedBy,ObjectId,false,,
Contract,adminApprovedAt,Date,false,,
Contract,adminRejectedBy,ObjectId,false,,
Contract,adminRejectedAt,Date,false,,
Contract,adminRejectionReason,String,false,,
Contract,approvalType,String,false,"full, partial",
Contract,approvalConditions,String,false,,
Contract,sentToClientBy,ObjectId,false,,
Contract,sentToClientAt,Date,false,,
Contract,clientEmail,String,false,,
Contract,clientApprovedAt,Date,false,,
Contract,clientFeedback,String,false,,
Contract,clientFeedbackAt,Date,false,,
Contract,stampPaperGeneratedAt,Date,false,,
Contract,stampPaperUrl,String,false,,
Contract,signatureProvider,String,false,"zoho_sign, docusign, manual",zoho_sign
Contract,signatureEnvelopeId,String,false,,
Contract,sentForSignatureAt,Date,false,,2025-11-04T07:00:04.922Z
Contract,signedAt,Date,false,,
Contract,signedBy,String,false,,
Contract,declinedAt,Date,false,,
Contract,version,Number,false,,1
Contract,lastActionBy,ObjectId,false,,
Contract,lastActionAt,Date,false,,
Contract,comments,Array,false,,[]
Contract,comments.by,ObjectId,false,
Contract,comments.at,Date,false,
Contract,comments.type,String,false,"review, internal, client"
Contract,comments.message,String,false,
Contract,submittedBy,ObjectId,false,
Contract,submittedAt,Date,false,
Contract,approvedBy,ObjectId,false,
Contract,approvedAt,Date,false,
Contract,rejectedBy,ObjectId,false,
Contract,rejectedAt,Date,false,
Contract,rejectionReason,String,false,
Contract,fileUrl,String,false,
Contract,zohoSignRequestId,String,false,
Contract,createdAt,Date,true (auto),
Contract,updatedAt,Date,true (auto),
CreditTransaction,clientId,ObjectId,true,,68e357ce49d1100b172468d4
CreditTransaction,contractId,ObjectId,false,,68e3594c49d1100b1724690c
CreditTransaction,itemId,ObjectId,false,,null
CreditTransaction,itemSnapshot.name,String,false,,Credit Grant
CreditTransaction,itemSnapshot.unit,String,false,,credits
CreditTransaction,itemSnapshot.pricingMode,String,true,"credits, inr",credits
CreditTransaction,itemSnapshot.unitCredits,Number,false,,1
CreditTransaction,itemSnapshot.unitPriceINR,Number,false,,
CreditTransaction,itemSnapshot.taxable,Boolean,false,,false
CreditTransaction,itemSnapshot.gstRate,Number,false,,0
CreditTransaction,itemSnapshot.zohoItemId,String,false,,null
CreditTransaction,quantity,Number,true,,20
CreditTransaction,transactionType,String,true,"grant, usage, deduct, refund",grant
CreditTransaction,pricingSnapshot.pricingMode,String,true,"credits, inr",credits
CreditTransaction,pricingSnapshot.unitCredits,Number,false,,1
CreditTransaction,pricingSnapshot.unitPriceINR,Number,false,,null
CreditTransaction,pricingSnapshot.creditValueINR,Number,true,,500
CreditTransaction,creditsDelta,Number,true,,20
CreditTransaction,amountINRDelta,Number,true,,10000
CreditTransaction,purpose,String,false,,Admin credit grant
CreditTransaction,description,String,false,,Granted 20 credits to client
CreditTransaction,status,String,false,"pending, completed, cancelled",completed
CreditTransaction,createdBy,ObjectId,true,,68e3595149d1100b1724691b
CreditTransaction,relatedInvoiceId,ObjectId,false,,null
CreditTransaction,idempotencyKey,String,false,,
CreditTransaction,metadata.dayPassId,ObjectId,false,,null
CreditTransaction,metadata.bookingId,ObjectId,false,,null
CreditTransaction,metadata.customData,Mixed,false,,"{""contractId"": ""68e3594c49d1100b1724690c"", ""capacity"": 4, ""monthlyRent"": 4800}"
CreditTransaction,createdAt,Date,true (auto),,2025-10-06T05:53:21.559Z
CreditTransaction,updatedAt,Date,true (auto),,2025-10-06T05:53:21.559Z
DayPassBundle,customer,ObjectId,true,,68e357ce49d1100b172468d4
DayPassBundle,member,ObjectId,false,,
DayPassBundle,building,ObjectId,true,,68e3592849d1100b172468f9
DayPassBundle,no_of_dayPasses,Number,true,,
DayPassBundle,remainingPasses,Number,true,,
DayPassBundle,countsSelf,Number,false,,
DayPassBundle,countsOther,Number,false,,
DayPassBundle,plannedDatesSelf,Array,false,,
DayPassBundle,plannedDatesOther,Array,false,,
DayPassBundle,status,String,false,"payment_pending, issued, active, expired, cancelled",
DayPassBundle,totalAmount,Number,true,,
DayPassBundle,currency,String,false,,
DayPassBundle,validFrom,Date,true,,
DayPassBundle,validUntil,Date,true,,
DayPassBundle,invoice,ObjectId,false,,
DayPassBundle,payment,ObjectId,false,,
DayPassBundle,notes,String,false,,
DayPassBundle,createdAt,Date,true (auto),,2025-10-06T05:53:21.559Z
DayPassBundle,updatedAt,Date,true (auto),,2025-10-06T05:53:21.559Z
DayPass,customer,ObjectId,true,,68e357cf49d1100b172468db
DayPass,member,ObjectId,false,,68e357cf49d1100b172468db
DayPass,building,ObjectId,true,,68e3592849d1100b172468f9
DayPass,bundle,ObjectId,false,,68e3bd3e6ab9a5b470faa53e
DayPass,hostMember,ObjectId,false,,null
DayPass,hostClient,ObjectId,false,,null
DayPass,hostGuest,ObjectId,false,,null
DayPass,date,Date,false,,null
DayPass,visitDate,Date,false,,null
DayPass,bookingFor,String,false,"self, other",other
DayPass,expiresAt,Date,true,,2025-12-05T12:59:42.850Z
DayPass,price,Number,true,,200
DayPass,currency,String,false,,
DayPass,status,String,false,"pending, payment_pending, issued, invited, active, checked_in, checked_out, expired, cancelled",issued
DayPass,invitedAt,Date,false,,
DayPass,qrCode,String,false,,
DayPass,visitorName,String,false,,
DayPass,visitorPhone,String,false,,
DayPass,visitorEmail,String,false,,
DayPass,visitorCompany,String,false,,
DayPass,purpose,String,false,,
DayPass,visitorDetailsDraft.name,String,false,,
DayPass,visitorDetailsDraft.phone,String,false,,
DayPass,visitorDetailsDraft.email,String,false,,
DayPass,visitorDetailsDraft.company,String,false,,
DayPass,visitorDetailsDraft.purpose,String,false,,
DayPass,visitorCreated,Boolean,false,,false
DayPass,numberOfGuests,Number,false,,1
DayPass,expectedArrivalTime,Date,false,,
DayPass,expectedDepartureTime,Date,false,,
DayPass,qrExpiresAt,Date,false,,
DayPass,checkInTime,Date,false,,
DayPass,checkOutTime,Date,false,,
DayPass,invoice,ObjectId,false,,
DayPass,payment,ObjectId,false,,
DayPass,notes,String,false,,
DayPass,createdBy,ObjectId,false,,
DayPass,createdAt,Date,true (auto),,2025-10-06T12:59:42.977Z
DayPass,updatedAt,Date,true (auto),,2025-10-06T13:00:11.923Z
Desk,building,ObjectId,true,,68e3592849d1100b172468f9
Desk,cabin,ObjectId,true,,68e35c827c636001943667dc
Desk,number,String,true,,201-D3
Desk,status,String,false,"available, occupied, maintenance",available
Desk,allocatedAt,Date,false,,
Desk,releasedAt,Date,false,,
Desk,createdAt,Date,true (auto),,2025-10-06T06:06:58.417Z
Desk,updatedAt,Date,true (auto),,2025-10-06T06:06:58.417Z
DraftPayment,invoice,ObjectId,true,,690b270b35af43842e021c8a
DraftPayment,client,ObjectId,false,,6901c3c6fce33247be57c7ff
DraftPayment,type,String,false,"Bank Transfer, Cash, UPI, Card, Cheque, Online Gateway",Bank Transfer
DraftPayment,referenceNumber,String,false,,slip-12345
DraftPayment,amount,Number,true,,2000
DraftPayment,paymentDate,Date,true,,2025-11-01T00:00:00.000Z
DraftPayment,currency,String,false,,INR
DraftPayment,notes,String,false,,
DraftPayment,screenshots,Array,false,,"[""data:image/png;base64...""]"
DraftPayment,status,String,false,"pending, approved, rejected",pending
DraftPayment,submittedByClient,ObjectId,false,,
DraftPayment,reviewedBy,ObjectId,false,,
DraftPayment,reviewNote,String,false,,
DraftPayment,reviewedAt,Date,false,,
DraftPayment,createdAt,Date,true (auto),,2025-11-05T11:27:18.590Z
DraftPayment,updatedAt,Date,true (auto),,2025-11-05T11:27:18.590Z
Payment,invoice,ObjectId,false,,68ff21bb26176ddf4e0acefd
Payment,client,ObjectId,false,,68ff0fbce33721fd7497c633
Payment,guest,ObjectId,false,,
Payment,invoices,Array,false,,
Payment,invoices.invoice,ObjectId,true,,68ff21bb26176ddf4e0acefd
Payment,invoices.amount_applied,Number,true,,4000
Payment,invoices.zoho_invoice_id,String,false,,2865532000000209002
Payment,type,String,false,"Bank Transfer, BankTransfer, Cash, UPI, Card, CreditCard, Credits, DebitCard, Cheque, Online Gateway, PayPal, Razorpay, Stripe, Other",Other
Payment,paymentGatewayRef,String,false,,pay_RYPyneR0dxXlbg
Payment,referenceNumber,String,false,,pay_RYPyneR0dxXlbg
Payment,amount,Number,true,,4000
Payment,paymentDate,Date,true,,2025-10-27T00:00:00.000Z
Payment,currency,String,false,,INR
Payment,bankName,String,false,,
Payment,accountNumber,String,false,,
Payment,notes,String,false,,Razorpay payment for meeting booking 68ff21bb26176ddf4e0acf00
Payment,screenshots,Array,false,,[]
Payment,customer_id,String,false,,2865532000000204002
Payment,zoho_payment_id,String,false,,2865532000000210019
Payment,payment_number,String,false,,39
Payment,zoho_status,String,false,,
Payment,deposit_to_account_id,String,false,,2865532000000000456
Payment,idempotency_key,String,false,,
Payment,attachments,String,false,,
Payment,bankCharges,String,false,
Payment,raw_zoho_response,Mixed,false,,"{""payment_id"": ""2865532000000210019"", ""payment_number"": ""39"", ""amount"": 4000}"
Payment,source,String,false,"manual, zoho_books, webhook",webhook
Payment,createdAt,Date,true (auto),,2025-10-27T07:40:28.325Z
Payment,updatedAt,Date,true (auto),,2025-10-27T07:40:48.583Z
EventCategory,name,String,true,,Festival
EventCategory,description,String,false,,Cultural and festive celebrations
EventCategory,color,String,false,,#FF6B35
EventCategory,icon,String,false,,celebration
EventCategory,isActive,Boolean,false,,true
EventCategory,createdBy,ObjectId,false,,
EventCategory,createdAt,Date,false,,
EventCategory,updatedAt,Date,false,,
Event,title,String,true,,diwali
Event,description,String,false,,Diya Lighting Ceremony – Begin the evening with lights prayers and positive vibes.
Event,category,ObjectId,false,,
Event,startDate,Date,true,,2025-10-09T19:24:00.000Z
Event,endDate,Date,true,,2025-10-09T22:27:00.000Z
Event,location.building,ObjectId,false,,68ee00532dc0af4fc00ff153
Event,location.room,ObjectId,false,,
Event,location.address,String,false,,
Event,capacity,Number,false,,10
Event,rsvps,Array,false,,"[""68e357cf49d1100b172468db"", ""68e3620e7c63600194366c20""]"
Event,attendance,Array,false,,[]
Event,externalRegistrationUrl,
Event,externalAddress,
Event,externalAddressMapLink,
Event,creditsRequired,Number,false,,0
Event,status,String,false,"draft, published, completed, cancelled",published
Event,thumbnail,String,false,,https://ik.imagekit.io/8znjbhgdh/Gemini_Generated_Image_jnkpktjnkpktjnkp%20(4).png?updatedAt=1759147688734
Event,mainImage,String,false,,https://ik.imagekit.io/8znjbhgdh/Gemini_Generated_Image_ygq5v4ygq5v4ygq5.png?updatedAt=1759147865005
Event,createdBy,ObjectId,false,,68b964b75256c8e39d0ed80a
Event,createdAt,Date,false,,2025-10-06T06:25:06.098Z
Event,updatedAt,Date,false,,2025-10-06T06:59:33.255Z
Guest,name,String,true,,hey
Guest,email,String,false,,hey@hey.com
Guest,phone,String,false,,9876543212
Guest,companyName,String,false,,
Guest,notes,String,false,,
Guest,createdAt,Date,true (auto),,2025-09-22T06:25:37.302Z
Guest,updatedAt,Date,true (auto),,2025-09-22T06:25:37.302Z
Invoice,client,ObjectId,false,,68ff0fbce33721fd7497c633
Invoice,guest,ObjectId,false,,
Invoice,contract,ObjectId,false,,68ff111be33721fd7497c6a1
Invoice,building,ObjectId,false,,68ee00532dc0af4fc00ff153
Invoice,cabin,ObjectId,false,,
Invoice,invoice_number,String,false,,INV-2025-10-0010
Invoice,reference_number,String,false,,
Invoice,source,String,false,"local, zoho, webhook",webhook
Invoice,type,String,false,"regular, credit_monthly",regular
Invoice,category,String,false,"general, day_pass, meeting_room, printing, amenities, other, exceeded_credits, custom_services",general
Invoice,date,Date,false,,2025-10-23T00:00:00.000Z
Invoice,due_date,Date,false,,2025-10-31T00:00:00.000Z
Invoice,billing_period.start,Date,false,,2025-10-23T00:00:00.000Z
Invoice,billing_period.end,Date,false,,2025-10-31T00:00:00.000Z
Invoice,customer_id,String,false,,2865532000000204002
Invoice,gst_treatment,String,false,,business_gst
Invoice,gst_no,String,false,,
Invoice,line_items,Array,false,,
Invoice,line_items.description,String,true,,Monthly Rent - Oct 2025 (prorated 9/31 days)
Invoice,line_items.quantity,Number,true,,1
Invoice,line_items.unitPrice,Number,true,,2322.58
Invoice,line_items.amount,Number,true,,2322.58
Invoice,line_items.item_id,String,false,,null
Invoice,line_items.name,String,false,,Monthly Rent - Oct 2025 (prorated 9/31 days)
Invoice,line_items.rate,Number,false,,2322.58
Invoice,line_items.unit,String,false,,nos
Invoice,line_items.tax_id,String,false,,
Invoice,line_items.tax_name,String,false,,GST
Invoice,line_items.tax_type,String,false,,
Invoice,line_items.tax_percentage,Number,false,,0
Invoice,line_items.item_total,Number,false,,2322.58
Invoice,sub_total,Number,false,,2322.58
Invoice,discount,Number,false,,0
Invoice,discount_type,String,false,"entity_level, item_level",item_level
Invoice,tax_total,Number,false,,0
Invoice,total,Number,false,,2322.58
Invoice,balance,Number,false,,2322.58
Invoice,amount_paid,Number,false,,0
Invoice,currency_code,String,false,,INR
Invoice,exchange_rate,Number,false,,1
Invoice,salesperson_name,String,false,,
Invoice,notes,String,false,,Auto-created from contract (activation)
Invoice,terms,String,false,,
Invoice,status,String,false,"draft, sent, partially_paid, paid, issued",draft
Invoice,zoho_invoice_id,String,false,,2865532000000203222
Invoice,zoho_invoice_number,String,false,,INV-000071
Invoice,zoho_status,String,false,,draft
Invoice,zoho_pdf_url,String,false,,
Invoice,invoice_url,String,false,,https://zohosecurepay.in/books/flyde1/secure?CInvoiceID=2-4cc7ec0df0476da2765756978807b928d5e88d326a551bdf2436b11b8dd9496e422f16adc960337f5971adfee660fd72e87833e65d77c95d34ec8c2c7397d757bf747bf136c83d3b
Invoice,template_id,String,false,,
Invoice,payment_expected_date,Date,false,,
Invoice,last_payment_date,Date,false,,
Invoice,tax_authority_id,String,false,,
Invoice,tax_exemption_id,String,false,,
Invoice,is_inclusive_tax,Boolean,false,,false
Invoice,billing_address.attention,String,false,,nasir
Invoice,billing_address.address,String,false,,14 miek
Invoice,billing_address.street2,String,false,,
Invoice,billing_address.city,String,false,,nagpur
Invoice,billing_address.state,String,false,,maharashtra
Invoice,billing_address.zip,String,false,,442201
Invoice,billing_address.country,String,false,,India
Invoice,billing_address.phone,String,false,,9991112223
Invoice,shipping_address.attention,String,false,,
Invoice,shipping_address.address,String,false,,
Invoice,shipping_address.street2,String,false,,
Invoice,shipping_address.city,String,false,,
Invoice,shipping_address.state,String,false,,
Invoice,shipping_address.zip,String,false,,
Invoice,shipping_address.country,String,false,,
Invoice,shipping_address.phone,String,false,,
Invoice,sent_at,Date,false,,
Invoice,paid_at,Date,false,,
Invoice,payment_id,String,false,,
Invoice,createdAt,Date,true (auto),,2025-10-27T06:33:06.480Z
Invoice,updatedAt,Date,true (auto),,2025-10-27T06:33:40.829Z
MeetingRoom,building,ObjectId,true,,671a1d28f4bca52b4449e001
MeetingRoom,name,String,true,,Ocean View Conference Room
MeetingRoom,slug,String,false,,ocean-view-conference-room
MeetingRoom,code,String,false,,B3-RM-05
MeetingRoom,description,String,false,,Spacious meeting room with sea-facing view premium chairs projector and whiteboard.
MeetingRoom,tags,Array,false,,"[""executive"", ""sea-view"", ""quiet-zone""]"
MeetingRoom,floorNumber,Number,false,,3
MeetingRoom,roomNumber,String,false,,305
MeetingRoom,zone,String,false,,East Wing
MeetingRoom,layoutType,String,false,,Boardroom
MeetingRoom,capacity,Number,true,,10
MeetingRoom,seatingCapacity,Number,false,,10
MeetingRoom,maxGuests,Number,false,,12
MeetingRoom,safetyFeatures,Array,false,,"[""Fire Extinguisher"", ""Emergency Exit""]"
MeetingRoom,amenities,Array,false,,"[""671a1d28f4bca52b4449e101"", ""671a1d28f4bca52b4449e102""]"
MeetingRoom,equipment,Array,false,,"[""671a1d28f4bca52b4449e201"", ""671a1d28f4bca52b4449e202""]"
MeetingRoom,wifiNetwork.ssid,String,false,,CoworkHQ_Guest
MeetingRoom,wifiNetwork.passwordProtected,Boolean,false,,true
MeetingRoom,wifiNetwork.speedMbps,Number,false,,200
MeetingRoom,images,Array,false,,"[""https://ik.imagekit.io/cowork/rooms/ocean-view-1.jpg"", ""https://ik.imagekit.io/cowork/rooms/ocean-view-2.jpg""]"
MeetingRoom,pricing.currency,String,false,,INR
MeetingRoom,pricing.hourlyRate,Number,false,,500
MeetingRoom,pricing.memberRate,Number,false,,400
MeetingRoom,pricing.nonMemberRate,Number,false,,550
MeetingRoom,pricing.taxPercent,Number,false,,18
MeetingRoom,pricing.depositRequired,Boolean,false,,true
MeetingRoom,pricing.depositAmount,Number,false,,1000
MeetingRoom,priceRules,Array,false,,
MeetingRoom,priceRules.ruleType,String,false,,WeekendDiscount
MeetingRoom,priceRules.value,Number,false,,10
MeetingRoom,priceRules.startDate,Date,false,,2025-04-01T00:00:00.000Z
MeetingRoom,priceRules.endDate,Date,false,,2025-12-31T00:00:00.000Z
MeetingRoom,availability.daysOfWeek,Array,false,,"[1, 2, 3, 4, 5, 6]"
MeetingRoom,availability.openTime,String,false,,09:00
MeetingRoom,availability.closeTime,String,false,,20:00
MeetingRoom,availability.minBookingMinutes,Number,false,,30
MeetingRoom,availability.maxBookingMinutes,Number,false,,480
MeetingRoom,availability.timezone,String,false,,Asia/Kolkata
MeetingRoom,blackoutDates,Array,false,,"[""2025-12-25"", ""2025-01-01""]"
MeetingRoom,blackoutRanges,Array,false,,
MeetingRoom,blackoutRanges.start,Date,false,,2025-06-10T09:00:00.000Z
MeetingRoom,blackoutRanges.end,Date,false,,2025-06-15T18:00:00.000Z
MeetingRoom,blackoutRanges.reason,String,false,,Scheduled Maintenance
MeetingRoom,bookingRules.minNoticeHours,Number,false,,2
MeetingRoom,bookingRules.maxNoticeDays,Number,false,,60
MeetingRoom,bookingRules.bufferMinutesBefore,Number,false,,10
MeetingRoom,bookingRules.bufferMinutesAfter,Number,false,,10
MeetingRoom,bookingRules.allowRecurringBookings,Boolean,false,,true
MeetingRoom,bookingRules.maxRecurringInstances,Number,false,,5
MeetingRoom,bookingRules.cancellationPolicy.freeCancelBeforeHours,Number,false,,12
MeetingRoom,bookingRules.cancellationPolicy.cancellationFee,Number,false,,200
MeetingRoom,availableTimeSlots,Array,false,,
MeetingRoom,availableTimeSlots.startTime,String,true,,09:00 AM
MeetingRoom,availableTimeSlots.endTime,String,true,,10:00 AM
MeetingRoom,isBookable,Boolean,false,,true
MeetingRoom,isBookingClosed,Boolean,false,,false
MeetingRoom,isArchived,Boolean,false,,false
MeetingRoom,status,String,false,"active, inactive",active
MeetingRoom,location.type,String,false,,Point
MeetingRoom,location.coordinates,Array,false,,"[72.823, 18.920]"
MeetingRoom,location.mapLink,String,false,,https://goo.gl/maps/xyz123
MeetingRoom,accessInstructions,String,false,,Check in at reception 3rd floor east wing.
MeetingRoom,accessControl.method,String,false,,Keycard
MeetingRoom,accessControl.allowedRoles,Array,false,,"[""admin"", ""receptionist""]"
MeetingRoom,accessControl.allowedUsers,Array,false,,"[""671a1d28f4bca52b4449e999""]"
MeetingRoom,createdBy,ObjectId,false,,671a1d28f4bca52b4449e555
MeetingRoom,updatedBy,ObjectId,false,,671a1d28f4bca52b4449e556
MeetingRoom,createdFromIp,String,false,,203.122.58.44
MeetingRoom,lastUpdatedFromIp,String,false,,203.122.58.44
MeetingRoom,createdAt,Date,true (auto),,2025-11-10T08:00:00.000Z
MeetingRoom,updatedAt,Date,true (auto),,2025-11-10T08:00:00.000Z
MeetingBooking,room,ObjectId,true,,68e35dd87c636001943668ff
MeetingBooking,visitors,Array,false,,"[""68e8d402fd22034957e24569""]"
MeetingBooking,member,ObjectId,false,,68e357cf49d1100b172468db
MeetingBooking,start,Date,true,,2025-10-15T03:30:00.000Z
MeetingBooking,end,Date,true,,2025-10-15T04:30:00.000Z
MeetingBooking,amenitiesRequested,Array,false,,[]
MeetingBooking,status,String,false,"payment_pending, booked, cancelled, completed",booked
MeetingBooking,currency,String,false,,INR
MeetingBooking,amount,Number,false,,0
MeetingBooking,client,ObjectId,false,,68e357ce49d1100b172468d4
MeetingBooking,invoice,ObjectId,false,,
MeetingBooking,payment.method,String,false,"cash, card, credits",credits
MeetingBooking,payment.coveredCredits,Number,false,,1
MeetingBooking,payment.extraCredits,Number,false,,0
MeetingBooking,payment.overageAmount,Number,false,,0
MeetingBooking,payment.valuePerCredit,Number,false,,500
MeetingBooking,payment.idempotencyKey,String,false,,booking-1760089109323-0.3756067674699515
MeetingBooking,payment.amount,Number,false,,
MeetingBooking,notes,String,false,,
MeetingBooking,createdAt,Date,true (auto),,2025-10-10T09:38:30.054Z
MeetingBooking,updatedAt,Date,true (auto),,2025-10-10T09:38:30.054Z
Member,firstName,String,true,,flyde
Member,lastName,String,false,,
Member,email,String,false,,rittik@flyde.in
Member,phone,String,false,,8076981993
Member,companyName,String,false,,flyde digital
Member,role,String,false,,owner
Member,status,String,false,"active, inactive",active
Member,client,ObjectId,false,,68e357ce49d1100b172468d4
Member,desk,ObjectId,false,,null
Member,user,ObjectId,false,,68e3600a88c8f10a2511645e
Member,allowedUsingCredits,Boolean,false,,true
Member,createdAt,Date,true (auto),,2025-10-06T05:46:55.778Z
Member,updatedAt,Date,true (auto),,2025-10-14T09:33:12.257Z
Lead,firstName,String,true,,hye
Lead,lastName,String,true,,hey
Lead,companyName,String,true,,hey@hey.com
Lead,address,String,true,,123 hey
Lead,pincode,String,true,,123455
Lead,email,String,true,,hey@hey.com
Lead,phone,String,true,,9876543212
Lead,numberOfEmployees,Number,true,,10
Lead,purpose,String,true,"coworking_space, day_pass, meeting_room, private_office, virtual_office, event_space",day_pass
Lead,status,String,false,"new, contacted, qualified, converted, lost",new
Lead,kycDocuments.files,Array,false,,"[""https://ik.imagekit.io/flyde/kyc-documents/kyc-admin-1762428746340-honor8_KjR0npfp3B.png""]"
Lead,kycStatus,String,false,"not_submitted, pending, approved, rejected",approved
Lead,kycRejectionReason,String,false,,
Lead,kycApprovedBy,ObjectId,false,,
Lead,kycApprovedAt,Date,false,,2025-11-07T05:27:09.356Z
Lead,userCreated,Boolean,false,,true
Lead,createdUserId,ObjectId,false,,690d832c9df3db05f85a38d3
Lead,source,String,false,,website_signup
Lead,notes,String,false,,
Lead,assignedTo,ObjectId,false,,
Lead,convertedToClient,ObjectId,false,,
Lead,lastContactedAt,Date,false,,
Lead,createdAt,Date,true (auto),,2025-11-06T11:18:33.459Z
Lead,updatedAt,Date,true (auto),,2025-11-07T05:27:09.359Z
Notification,type,String,false,"system, marketing, transactional, reminder",system
Notification,channels.sms,Boolean,false,,false
Notification,channels.email,Boolean,false,,true
Notification,title,String,true,,Booking Confirmation - BK-1001
Notification,templateKey,String,false,,booking_confirmation
Notification,templateVariables,Mixed,false,,"{""name"": ""John"", ""bookingId"": ""BK-1001"", ""date"": ""2025-10-01"", ""time"": ""10:00 AM"", ""location"": ""Room A""}"
Notification,content.smsText,String,false,,Hi John your booking BK-1001 is confirmed for 2025-10-01 at 10:00 AM. Location: Room A
Notification,content.emailSubject,String,false,,Booking Confirmation - BK-1001
Notification,content.emailHtml,String,false,,<div style=""font-family: Arial sans-serif; max-width: 600px; margin: 0 auto;""><h2>Booking Confirmed</h2><p>Hi John</p></div>
Notification,content.emailText,String,false,,Hi John your booking BK-1001 has been confirmed for 2025-10-01 at 10:00 AM.
Notification,image,String,false,,
Notification,metadata.tags,Array,false,,"[""confirmation""]"
Notification,metadata.priority,String,false,"low, normal, high",normal
Notification,metadata.category,String,false,,booking
Notification,metadata.deepLink,String,false,,
Notification,metadata.route,String,false,,
Notification,metadata.routeParams,Mixed,false,,
Notification,to.phone,String,false,,
Notification,to.email,String,false,,nasiransarinsa@gmail.com
Notification,to.userId,ObjectId,false,,68b964b75256c8e39d0ed80a
Notification,to.memberId,ObjectId,false,,
Notification,to.clientId,ObjectId,false,,
Notification,audienceQuery,Mixed,false,,
Notification,smsDelivery.status,String,false,"pending, queued, sent, delivered, failed, canceled, skipped",
Notification,smsDelivery.provider,String,false,"smswaale, twilio, smtp, sendgrid, nodemailer, mock",
Notification,smsDelivery.providerMessageId,String,false,,
Notification,smsDelivery.attemptCount,Number,false,,
Notification,smsDelivery.lastError,String,false,,
Notification,smsDelivery.errorCode,String,false,,
Notification,smsDelivery.history,Array,false,,
Notification,smsDelivery.history.at,Date,false,,
Notification,smsDelivery.history.action,String,true,"queued, sent, delivered, failed, retried, canceled",
Notification,smsDelivery.history.details,String,false,,
Notification,smsDelivery.history.error,String,false,,
Notification,smsDelivery.history.providerResponse,Mixed,false,,
Notification,smsDelivery.sentAt,Date,false,,
Notification,smsDelivery.deliveredAt,Date,false,,
Notification,smsDelivery.failedAt,Date,false,,
Notification,smsDelivery.canceledAt,Date,false,,
Notification,emailDelivery.status,String,false,"pending, queued, sent, delivered, failed, canceled, skipped",sent
Notification,emailDelivery.provider,String,false,"smswaale, twilio, smtp, sendgrid, nodemailer, mock",nodemailer
Notification,emailDelivery.providerMessageId,String,false,,<c7772beb-2bc9-f586-6e4e-0de10fe4bd43@flyde.in>
Notification,emailDelivery.attemptCount,Number,false,,0
Notification,emailDelivery.lastError,String,false,,
Notification,emailDelivery.errorCode,String,false,,
Notification,emailDelivery.history,Array,false,,
Notification,emailDelivery.history.at,Date,false,,2025-09-30T11:28:39.196Z
Notification,emailDelivery.history.action,String,true,"queued, sent, delivered, failed, retried, canceled",sent
Notification,emailDelivery.history.details,String,false,,Email sent successfully
Notification,emailDelivery.history.error,String,false,,null
Notification,emailDelivery.history.providerResponse,Mixed,false,,"{""accepted"": [""nasiransarinsa@gmail.com""], ""rejected"": []}"
Notification,emailDelivery.sentAt,Date,false,,2025-09-30T11:28:42.574Z
Notification,emailDelivery.deliveredAt,Date,false,,
Notification,emailDelivery.failedAt,Date,false,,
Notification,emailDelivery.canceledAt,Date,false,,
Notification,scheduledAt,Date,false,,2025-09-30T11:28:39.078Z
Notification,expiresAt,Date,false,,null
Notification,canceled,Boolean,false,,false
Notification,cancelReason,String,false,,
Notification,maxRetries,Number,false,,3
Notification,retryBackoffSeconds,Number,false,,60
Notification,isRead,Boolean,false,,false
Notification,readAt,Date,false,,
Notification,createdBy,ObjectId,false,,68b964b75256c8e39d0ed80a
Notification,source,String,false,"admin_panel, system, api, webhook",api
Notification,relatedEntity.entity,String,false,,
Notification,relatedEntity.entityId,ObjectId,false,,
Notification,createdAt,Date,true (auto),,2025-09-30T11:28:39.092Z
Notification,updatedAt,Date,true (auto),,2025-09-30T11:28:42.577Z
Otp,phone,String,true,
Otp,otp,String,true,
Otp,expireDate,Date,true,
Otp,createdAt,Date,false,
Role,roleName,String,true,,System Admin
Role,description,String,false,,System Admin - Full system access all permissions
Role,canLogin,Boolean,false,,true
Role,permissions,Array,false,,"[""*:*"", ""contract:create"", ""draft_payment:create"", ""invoice:create"", ""payment:create""]"
Role,createdAt,Date,true (auto),,2025-11-04T10:32:14.741Z
Role,updatedAt,Date,true (auto),,2025-11-04T10:32:14.741Z
TicketCategory,name,String,true,,Cleaning
TicketCategory,description,String,false,,For cleaning purposes
TicketCategory,subCategories,Array,false,,"[""Washroom"", ""Balcony""]"
TicketCategory,createdAt,Date,true (auto),,
TicketCategory,updatedAt,Date,true (auto),,
Ticket,subject,String,true,,mm
Ticket,ticketId,String,false,,TKT-2510-0001
Ticket,description,String,true,,mm
Ticket,priority,String,false,"low, medium, high, urgent",low
Ticket,category.categoryId,ObjectId,false,,68bfda3e6ecb1276d721bf76
Ticket,category.subCategory,String,false,,Washroom
Ticket,status,String,false,"open, inprogress, resolved, closed, pending",inprogress
Ticket,assignedTo,ObjectId,false,,68dba0b07cea5c33d218bf20
Ticket,building,ObjectId,false,,68ee00532dc0af4fc00ff153
Ticket,cabin,ObjectId,false,,
Ticket,latestUpdate,String,false,,Ticket created
Ticket,createdBy,ObjectId,false,,
Ticket,client,ObjectId,false,,68ff2ae9d9c0e3fd148f2ffb
Ticket,images,Array,false,,[]
Ticket,createdAt,Date,true (auto),,2025-10-28T06:01:58.867Z
Ticket,updatedAt,Date,true (auto),,2025-10-28T06:01:58.867Z
User,role,ObjectId,true,,68b935ff570f8ea0eaccaf6f
User,name,String,true,,NasirA
User,email,String,true,,nasir@flyde.in
User,phone,String,true,,7709690538
User,password,String,true,,Nsa.flyde@123
User,buildingId,ObjectId,false,,
User,createdAt,Date,true (auto),,2025-09-04T09:48:51.027Z
User,updatedAt,Date,true (auto),,2025-10-06T08:58:47.056Z
Visitor,name,String,true,,community
Visitor,email,String,false,,community@flyde.in
Visitor,phone,String,false,,8991112223
Visitor,companyName,String,false,,
Visitor,hostMember,ObjectId,false,,68ff0fbfe33721fd7497c673
Visitor,hostClient,ObjectId,false,,null
Visitor,hostGuest,ObjectId,false,,null
Visitor,purpose,String,false,,
Visitor,numberOfGuests,Number,false,,1
Visitor,expectedVisitDate,Date,true,,2025-10-29T00:00:00.000Z
Visitor,expectedArrivalTime,Date,false,,2025-10-29T00:00:00.000Z
Visitor,expectedDepartureTime,Date,false,,2025-10-29T23:59:59.999Z
Visitor,checkInTime,Date,false,,
Visitor,checkOutTime,Date,false,,
Visitor,checkInMethod,String,false,"qr, manual",manual
Visitor,badgeId,String,false,,
Visitor,qrToken,String,false,,80619a8870a45acc9b1643204523c94b
Visitor,qrExpiresAt,Date,false,,2025-10-29T23:59:59.999Z
Visitor,status,String,false,"invited, pending_checkin, approved, checked_in, checked_out, cancelled, no_show",invited
Visitor,idDocumentType,String,false,,
Visitor,idNumber,String,false,,
Visitor,notes,String,false,,
Visitor,cancelReason,String,false,,
Visitor,processedByCheckin,ObjectId,false,,
Visitor,processedByCheckout,ObjectId,false,,
Visitor,approvedBy,ObjectId,false,,
Visitor,approvedAt,Date,false,,
Visitor,checkinRequestedAt,Date,false,,
Visitor,createdBy,ObjectId,false,,68ff0fbfe33721fd7497c673
Visitor,building,ObjectId,false,,68ee00532dc0af4fc00ff153
Visitor,dayPass,ObjectId,false,,68ff223826176ddf4e0acfa2
Visitor,deletedAt,Date,false,,
Visitor,deletedBy,ObjectId,false,,
Visitor,createdAt,Date,true (auto),,2025-10-27T07:42:13.387Z
Visitor,updatedAt,Date,true (auto),,2025-10-27T07:42:13.387Z

